,car_ID,symboling,CarName,fueltype,aspiration,doornumber,carbody,drivewheel,enginelocation,wheelbase,carlength,carwidth,carheight,curbweight,enginetype,cylindernumber,enginesize,fuelsystem,boreratio,stroke,compressionratio,horsepower,peakrpm,citympg,highwaympg,price
0,1,3,Rare,1.0,1,2,1,1,1,4.484131857611035,5.128714582161857,4.160444363926624,3.8877303128591016,2548,1,4,130,1,1.244154593958768,0.9858167945227654,2.1972245773362196,111,5000,21,27,9.510074525452104
1,2,3,Rare,1.0,1,2,1,1,1,4.484131857611035,5.128714582161857,4.160444363926624,3.8877303128591016,2548,1,4,130,1,1.244154593958768,0.9858167945227654,2.1972245773362196,111,5000,21,27,9.711115659888671
2,3,1,Rare,1.0,1,2,2,1,1,4.548599834499697,5.1428324637076415,4.182050142641207,3.9589065913269965,2823,1,6,152,1,0.9858167945227654,1.244154593958768,2.1972245773362196,154,5000,19,26,9.711115659888671
3,4,2,Rare,1.0,1,4,3,2,1,4.603168183317418,5.173887288169859,4.192680462942962,3.9945242269398897,2337,2,4,109,1,1.1600209167967532,1.2237754316221157,2.302585092994046,102,5500,24,30,9.543234787249512
4,5,2,Rare,1.0,1,4,3,3,1,4.599152113662528,5.173887288169859,4.1956970564823886,3.9945242269398897,2824,2,1,136,1,1.1600209167967532,1.2237754316221157,2.0794415416798357,115,5500,18,22,9.767094927630573
5,6,2,Rare,1.0,1,2,3,2,1,4.603168183317418,5.177843213080163,4.194189897191817,3.9721769282478934,2507,2,1,136,1,1.1600209167967532,1.2237754316221157,2.1400661634962708,110,5500,19,25,9.632334782035558
6,7,1,Rare,1.0,1,4,3,2,1,4.661550519424199,5.2611345754203205,4.268297869345539,4.019980146933238,2844,2,1,136,1,1.1600209167967532,1.2237754316221157,2.1400661634962708,110,5500,19,25,9.781884730776879
7,8,1,Rare,1.0,1,4,4,2,1,4.661550519424199,5.2611345754203205,4.268297869345539,4.019980146933238,2954,2,1,136,1,1.1600209167967532,1.2237754316221157,2.1400661634962708,110,5500,19,25,9.847974842605868
8,9,1,Rare,1.0,2,4,3,2,1,4.661550519424199,5.2611345754203205,4.268297869345539,4.023564380161053,3086,2,1,131,1,1.1410330045520618,1.2237754316221157,2.1162555148025524,140,5500,17,20,10.08058716534893
9,10,0,Rare,1.0,2,2,2,3,1,4.600157644164547,5.182906515036709,4.21803603456465,3.9512437185814275,3053,2,1,131,1,1.1410330045520618,1.2237754316221157,1.9459101490553132,160,5500,16,22,9.790272212805272
10,11,2,Rare,1.0,1,2,3,1,1,4.617098756853365,5.175019150203543,4.1713056033582285,3.9945242269398897,2395,2,4,108,1,1.252762968495368,1.0296194171811581,2.174751721484161,101,5800,23,29,9.706864211031315
11,12,0,Rare,1.0,1,4,3,1,1,4.617098756853365,5.175019150203543,4.1713056033582285,3.9945242269398897,2395,2,4,108,1,1.252762968495368,1.0296194171811581,2.174751721484161,101,5800,23,29,9.736547097780475
12,13,0,Rare,1.0,1,2,3,1,1,4.617098756853365,5.175019150203543,4.1713056033582285,3.9945242269398897,2710,2,6,164,1,1.1969481893889715,1.1600209167967532,2.1972245773362196,121,4250,21,28,9.950848123895966
13,14,0,Rare,1.0,1,4,3,1,1,4.617098756853365,5.175019150203543,4.1713056033582285,3.9945242269398897,2765,2,6,164,1,1.1969481893889715,1.1600209167967532,2.1972245773362196,121,4250,21,28,9.9572652582166
14,15,1,Rare,1.0,1,4,3,1,1,4.639571612705423,5.241747015059643,4.203198967134183,4.019980146933238,3055,2,6,164,1,1.1969481893889715,1.1600209167967532,2.1972245773362196,121,4250,20,25,10.109077944602749
15,16,0,Rare,1.0,1,4,3,1,1,4.639571612705423,5.241747015059643,4.203198967134183,4.019980146933238,3230,2,6,209,1,1.2864740258376797,1.220829921392359,2.0794415416798357,182,5400,16,22,10.333970423619581
16,17,0,Rare,1.0,1,2,3,1,1,4.639571612705423,5.266826699456666,4.21803603456465,3.983413001514819,3380,2,6,209,1,1.2864740258376797,1.220829921392359,2.0794415416798357,182,5400,16,22,10.628980909135285
17,18,0,Rare,1.0,1,4,3,1,1,4.700480365792417,5.2832037287379885,4.2612704335380815,4.030694535145645,3505,2,6,209,1,1.2864740258376797,1.220829921392359,2.0794415416798357,182,5400,15,20,10.51542467767053
18,19,2,Rare,1.0,1,2,2,2,1,4.481871969643598,4.9494688588587685,4.09933210373314,3.9740583963475986,1488,1,1,61,2,1.0681530811834012,1.1085626195212777,2.2512917986064953,48,5100,47,53,8.546946149565585
19,20,1,Rare,1.0,1,2,2,2,1,4.548599834499697,5.049214776063731,4.152613470346076,3.9512437185814275,1874,2,4,90,2,1.1085626195212777,1.1346227261911428,2.2617630984737906,70,5400,38,43,8.747510946478448
20,21,0,Rare,1.0,1,4,3,2,1,4.548599834499697,5.067645548813036,4.152613470346076,3.9512437185814275,1909,2,4,90,2,1.1085626195212777,1.1346227261911428,2.2617630984737906,70,5400,38,43,8.791029857045965
21,22,1,Rare,1.0,1,2,2,2,1,4.540098189244376,5.058154810064233,4.155753190350744,3.927896354584436,1876,2,4,90,2,1.0885619528146082,1.172482137234565,2.2417729535972883,68,5500,37,41,8.625509334899697
22,23,1,Rare,1.0,1,2,2,2,1,4.540098189244376,5.058154810064233,4.155753190350744,3.927896354584436,1876,2,4,90,2,1.0885619528146082,1.172482137234565,2.2407096892759584,68,5500,31,38,8.760453046315272
23,24,1,Rare,1.0,2,2,2,2,1,4.540098189244376,5.058154810064233,4.155753190350744,3.927896354584436,2128,2,4,98,1,1.1085626195212777,1.220829921392359,2.028148247292285,102,5500,24,30,8.981807323377534
24,25,1,Rare,1.0,1,4,2,2,1,4.540098189244376,5.058154810064233,4.155753190350744,3.92395157629342,1967,2,4,90,2,1.0885619528146082,1.172482137234565,2.2407096892759584,68,5500,31,38,8.736971085254146
25,26,1,Rare,1.0,1,4,3,2,1,4.540098189244376,5.058154810064233,4.155753190350744,3.92395157629342,1989,2,4,90,2,1.0885619528146082,1.172482137234565,2.2407096892759584,68,5500,31,38,8.808668062106715
26,27,1,Rare,1.0,1,4,3,2,1,4.540098189244376,5.058154810064233,4.155753190350744,3.92395157629342,1989,2,4,90,2,1.0885619528146082,1.172482137234565,2.2407096892759584,68,5500,31,38,8.937087036176523
27,28,1,Rare,1.0,2,2,3,2,1,4.540098189244376,5.058154810064233,4.155753190350744,3.92395157629342,2191,2,4,98,1,1.1085626195212777,1.220829921392359,2.028148247292285,102,5500,24,30,9.054621796976763
28,29,-1,Rare,1.0,1,4,4,2,1,4.637637376125593,5.162497643405501,4.168214410788556,4.091005660956586,2535,2,4,122,2,1.205970806988609,1.2412685890696329,2.1400661634962708,88,5000,24,30,9.096163326913784
29,30,3,Rare,1.0,2,2,2,2,1,4.563305981889393,5.154446996128335,4.194189897191817,3.9160150266976834,2811,2,4,156,0,1.2809338454620642,1.3609765531356006,1.9459101490553132,145,5000,19,24,9.469931564261438
30,31,2,Rare,1.0,1,2,2,2,1,4.461299815568389,4.973971309724664,4.157319361383489,3.927896354584436,1713,2,4,92,0,1.0681530811834012,1.2267122912954254,2.2617630984737906,58,4800,49,54,8.776321456449958
31,32,2,Rare,1.0,1,2,2,2,1,4.461299815568389,4.973971309724664,4.157319361383489,3.927896354584436,1819,2,4,92,0,1.0681530811834012,1.2267122912954254,2.2192034840549946,76,6000,31,38,8.832733591996416
32,33,1,Rare,1.0,1,2,2,2,1,4.540098189244376,5.0106352940962555,4.1588830833596715,3.9627161197436642,1837,2,4,79,0,1.0681530811834012,1.1216775615991057,2.312535423847214,60,5500,38,42,8.593969030218288
33,34,1,Rare,1.0,1,2,2,2,1,4.540098189244376,5.0106352940962555,4.1588830833596715,3.9627161197436642,1940,2,4,92,0,1.0681530811834012,1.2267122912954254,2.2192034840549946,76,6000,30,34,8.784009071186633
34,35,1,Rare,1.0,1,2,2,2,1,4.540098189244376,5.0106352940962555,4.1588830833596715,3.9627161197436642,1956,2,4,92,0,1.0681530811834012,1.2267122912954254,2.2192034840549946,76,6000,30,34,8.871926251117628
35,36,0,Rare,1.0,1,4,3,2,1,4.56954300834494,5.096201182425903,4.1588830833596715,3.9982007016691985,2010,2,4,92,0,1.0681530811834012,1.2267122912954254,2.2192034840549946,76,6000,30,34,8.894944460956886
36,37,0,Rare,1.0,1,4,4,2,1,4.56954300834494,5.056882545261575,4.157319361383489,4.065602093356446,2024,2,4,92,0,1.0715836162801904,1.2267122912954254,2.2192034840549946,76,6000,30,34,8.894944460956886
37,38,0,Rare,1.0,1,2,2,2,1,4.56954300834494,5.120983351265121,4.177459468932607,3.975936331171799,2236,2,4,110,0,1.1474024528375417,1.275362800412609,2.1972245773362196,86,5800,27,33,8.973984926689743
38,39,0,Rare,1.0,1,2,2,2,1,4.56954300834494,5.120983351265121,4.177459468932607,3.975936331171799,2289,2,4,110,0,1.1474024528375417,1.275362800412609,2.1972245773362196,86,5800,27,33,9.115480090952223
39,40,0,Rare,1.0,1,4,3,2,1,4.56954300834494,5.1670690799380825,4.177459468932607,3.9908341858524357,2304,2,4,110,0,1.1474024528375417,1.275362800412609,2.1972245773362196,86,5800,27,33,9.087607606593886
40,41,0,Rare,1.0,1,4,3,2,1,4.56954300834494,5.1670690799380825,4.135166556742356,3.9908341858524357,2372,2,4,110,0,1.1474024528375417,1.275362800412609,2.1972245773362196,86,5800,27,33,9.23941361946189
41,42,0,Rare,1.0,1,4,3,2,1,4.56954300834494,5.1670690799380825,4.177459468932607,3.9908341858524357,2465,2,4,110,1,1.1474024528375417,1.275362800412609,2.1972245773362196,101,5800,24,28,9.468464892185638
42,43,1,Rare,1.0,1,2,3,2,1,4.56954300834494,5.130490255904535,4.189654742026425,3.9318256327243257,2293,2,4,110,2,1.1474024528375417,1.275362800412609,2.2082744135228043,100,5500,25,31,9.244258590179644
43,44,0,Rare,1.0,1,4,3,1,1,4.546481189639412,5.139907629800395,4.123903364463645,3.979681653901961,2337,2,4,111,2,1.1969481893889715,1.172482137234565,2.1400661634962708,78,4800,24,29,8.82246957226897
44,45,1,Rare,1.0,1,2,3,2,1,4.548599834499697,5.049214776063731,4.152613470346076,3.9512437185814275,1874,2,4,90,2,1.1085626195212777,1.1346227261911428,2.2617630984737906,70,5400,38,43,9.095658771892568
45,46,0,Rare,1.0,1,4,3,2,1,4.548599834499697,5.049214776063731,4.152613470346076,3.9512437185814275,1909,2,4,90,2,1.1085626195212777,1.1346227261911428,2.2617630984737906,70,5400,38,43,9.095658771892568
46,47,2,Rare,1.0,1,2,2,1,1,4.564348191467836,5.150976778649327,4.177459468932607,3.9396381724611196,2734,2,4,119,0,1.2325602611778486,1.172482137234565,2.2192034840549946,90,5000,24,29,9.310004695089129
47,48,0,Rare,1.0,1,4,3,1,1,4.727387818712341,5.296315363877364,4.242764567340374,3.966511190712216,4066,1,6,258,1,1.2892326482767593,1.4279160358107101,2.0918640616783932,176,4750,15,19,10.381273322223919
48,49,0,Rare,1.0,1,4,3,1,1,4.727387818712341,5.296315363877364,4.242764567340374,3.966511190712216,4066,1,6,258,1,1.2892326482767593,1.4279160358107101,2.0918640616783932,176,4750,15,19,10.478695435231387
49,50,0,Rare,1.0,1,2,3,1,1,4.624972813284271,5.255931650051599,4.257030144499196,3.86702563949741,3950,1,1,326,1,1.264126727145683,1.0152306797290584,2.4423470353692043,262,5000,13,17,10.491274217438248
50,51,1,Rare,1.0,1,2,2,2,1,4.533674184283021,5.069532935343741,4.162003210695915,3.9908341858524357,1890,2,4,91,2,1.1085626195212777,1.1474024528375417,2.1972245773362196,68,5000,30,31,8.555451903533328
51,52,1,Rare,1.0,1,2,2,2,1,4.533674184283021,5.069532935343741,4.162003210695915,3.9908341858524357,1900,2,4,91,2,1.1085626195212777,1.1474024528375417,2.1972245773362196,68,5000,31,38,8.715224041915372
52,53,1,Rare,1.0,1,2,2,2,1,4.533674184283021,5.069532935343741,4.162003210695915,3.9908341858524357,1905,2,4,91,2,1.1085626195212777,1.1474024528375417,2.1972245773362196,68,5000,31,38,8.823942326585245
53,54,1,Rare,1.0,1,4,3,2,1,4.533674184283021,5.116795489924646,4.162003210695915,3.9908341858524357,1945,2,4,91,2,1.1085626195212777,1.1474024528375417,2.1972245773362196,68,5000,31,38,8.809116258125274
54,55,1,Rare,1.0,1,4,3,2,1,4.533674184283021,5.116795489924646,4.162003210695915,3.9908341858524357,1950,2,4,91,2,1.1249295969854831,1.1474024528375417,2.1972245773362196,68,5000,31,38,8.9085593751449
55,56,3,Rare,1.0,1,2,2,1,1,4.557029810660157,5.1298987149230735,4.185098925490565,3.903990833730882,2380,1,1,70,0,1.2029723039923526,1.1801922756605325,2.2407096892759584,101,6000,17,23,9.300638009956963
56,57,3,Rare,1.0,1,2,2,1,1,4.557029810660157,5.1298987149230735,4.185098925490565,3.903990833730882,2380,1,1,70,0,1.2029723039923526,1.1801922756605325,2.2407096892759584,101,6000,17,23,9.379661116592885
57,58,3,Rare,1.0,1,2,2,1,1,4.557029810660157,5.1298987149230735,4.185098925490565,3.903990833730882,2385,1,1,70,0,1.2029723039923526,1.1801922756605325,2.2407096892759584,101,6000,17,23,9.521128433142438
58,59,3,Rare,1.0,1,2,2,1,1,4.557029810660157,5.1298987149230735,4.185098925490565,3.903990833730882,2500,1,1,80,1,1.2029723039923526,1.1801922756605325,2.2407096892759584,135,6000,16,23,9.657906656102982
59,60,1,Rare,1.0,1,2,2,2,1,4.593097604753822,5.180659323079804,4.197201947661808,3.983413001514819,2385,2,4,122,2,1.220829921392359,1.220829921392359,2.151762203259462,84,4800,26,32,9.087607606593886
60,61,0,Rare,1.0,1,4,3,2,1,4.593097604753822,5.180659323079804,4.197201947661808,4.0163830207523885,2410,2,4,122,2,1.220829921392359,1.220829921392359,2.151762203259462,84,4800,26,32,9.047233034106032
61,62,1,Rare,1.0,1,2,2,2,1,4.593097604753822,5.180659323079804,4.197201947661808,3.983413001514819,2385,2,4,122,2,1.220829921392359,1.220829921392359,2.151762203259462,84,4800,26,32,9.2681374707024
62,63,0,Rare,1.0,1,4,3,2,1,4.593097604753822,5.180659323079804,4.197201947661808,4.0163830207523885,2410,2,4,122,2,1.220829921392359,1.220829921392359,2.151762203259462,84,4800,26,32,9.234545060673
63,64,0,Rare,0.0,1,4,3,2,1,4.593097604753822,5.180659323079804,4.197201947661808,4.0163830207523885,2443,2,4,122,0,1.220829921392359,1.220829921392359,3.122364924487357,64,4650,36,42,9.286838342948908
64,65,0,Rare,1.0,1,4,2,2,1,4.593097604753822,5.180659323079804,4.197201947661808,4.0163830207523885,2425,2,4,122,2,1.220829921392359,1.220829921392359,2.151762203259462,84,4800,26,32,9.327678864393416
65,66,0,Rare,1.0,1,4,3,1,1,4.653007515402251,5.1647859739235145,4.191168746857641,3.996364153861897,2670,2,4,140,1,1.324418957401803,1.1505720275988207,2.0794415416798357,120,5000,19,27,9.813562845008141
66,67,0,Rare,0.0,1,4,3,1,1,4.653007515402251,5.1647859739235145,4.191168746857641,3.996364153861897,2700,2,4,134,0,1.2325602611778486,1.2919836816486494,3.091042453358316,72,4200,31,39,9.81705782453774
67,68,-1,Rare,0.0,2,4,3,1,1,4.700480365792417,5.251749730731702,4.252771798816619,4.034240638152395,3515,2,1,183,0,1.275362800412609,1.2919836816486494,3.068052935133617,123,4350,22,25,10.148470870454794
68,69,-1,Rare,0.0,2,4,4,1,1,4.700480365792417,5.251749730731702,4.252771798816619,4.072439726834051,3750,2,1,183,0,1.275362800412609,1.2919836816486494,3.068052935133617,123,4350,22,25,10.248777937608223
69,70,0,Rare,0.0,2,2,1,1,1,4.670021158307708,5.233778845410465,4.252771798816619,4.005513348515485,3495,2,1,183,0,1.275362800412609,1.2919836816486494,3.068052935133617,123,4350,22,25,10.246225830735987
70,71,-1,Rare,0.0,2,4,3,1,1,4.750135956238277,5.311233591814583,4.272490747605575,4.030694535145645,3770,2,1,183,0,1.275362800412609,1.2919836816486494,3.068052935133617,123,4350,22,25,10.360912399575003
71,72,-1,Rare,1.0,1,4,3,1,1,4.750135956238277,5.311233591814583,4.272490747605575,4.034240638152395,3740,1,1,234,1,1.2412685890696329,1.1314021114911006,2.1162555148025524,155,4750,16,18,10.439512977323862
72,73,3,Rare,1.0,1,2,1,1,1,4.570578741218473,5.194622130209272,4.255612709818223,3.927896354584436,3685,1,1,234,1,1.2412685890696329,1.1314021114911006,2.1162555148025524,155,4750,16,18,10.464702061835247
73,74,0,Rare,1.0,1,4,3,1,1,4.794963757620747,5.338018733399589,4.272490747605575,4.037774210733707,3900,1,1,308,1,1.33500106673234,1.208960345836975,2.0794415416798357,184,4500,14,16,10.62035125971339
74,75,1,Rare,1.0,1,2,1,1,1,4.718498871295094,5.294309345150498,4.276666119016055,4.014579593753238,3715,1,1,304,1,1.33500106673234,1.208960345836975,2.0794415416798357,184,4500,14,16,10.72326738402944
75,76,1,Rare,1.0,2,2,2,1,1,4.631812116934513,5.184028220145909,4.219507705176107,4.00369019395397,2910,2,4,140,1,1.3297240096314962,1.1378330018213911,2.0794415416798357,175,5000,19,24,9.711297461543568
76,77,2,Rare,1.0,1,2,2,2,1,4.540098189244376,5.058154810064233,4.165113633110308,3.927896354584436,1918,2,4,92,2,1.0885619528146082,1.172482137234565,2.2407096892759584,68,5500,37,41,8.592115117933497
77,78,2,Rare,1.0,1,2,2,2,1,4.540098189244376,5.058154810064233,4.165113633110308,3.927896354584436,1944,2,4,92,2,1.0885619528146082,1.172482137234565,2.2407096892759584,68,5500,31,38,8.73052880173936
78,79,2,Rare,1.0,1,2,2,2,1,4.540098189244376,5.058154810064233,4.165113633110308,3.927896354584436,2004,2,4,92,2,1.0885619528146082,1.172482137234565,2.2407096892759584,68,5500,31,38,8.805225202632306
79,80,1,Rare,1.0,2,2,2,2,1,4.532599493153256,5.058154810064233,4.155753190350744,3.927896354584436,2145,2,4,98,0,1.1085626195212777,1.220829921392359,2.028148247292285,102,5500,24,30,8.94754601503218
80,81,3,Rare,1.0,2,2,2,2,1,4.56746831880408,5.153291594497779,4.180522258463153,3.899950424193877,2370,2,4,110,0,1.1537315878891892,1.2412685890696329,2.0149030205422647,116,5500,23,30,9.20623194393164
81,82,3,Rare,1.0,1,2,2,2,1,4.56746831880408,5.153291594497779,4.180522258463153,3.899950424193877,2328,2,4,122,2,1.208960345836975,1.2412685890696329,2.1400661634962708,88,5000,25,32,9.047703788498627
82,83,3,Rare,1.0,2,2,2,2,1,4.563305981889393,5.154446996128335,4.194189897191817,3.9160150266976834,2833,2,4,156,0,1.275362800412609,1.3506671834767394,1.9459101490553132,145,5000,19,24,9.44375103564617
83,84,3,Rare,1.0,2,2,2,2,1,4.563305981889393,5.154446996128335,4.194189897191817,3.9160150266976834,2921,2,4,156,0,1.2781522025001875,1.3506671834767394,1.9459101490553132,145,5000,19,24,9.607033787697222
84,85,3,Rare,1.0,2,2,2,2,1,4.563305981889393,5.154446996128335,4.194189897191817,3.9160150266976834,2926,2,4,156,0,1.2781522025001875,1.3506671834767394,1.9459101490553132,145,5000,19,24,9.581145019820722
85,86,1,Rare,1.0,1,4,3,2,1,4.56746831880408,5.149817358229593,4.180522258463153,3.9435216724875173,2365,2,4,122,2,1.208960345836975,1.2412685890696329,2.1400661634962708,88,5000,25,32,8.85209276347713
86,87,1,Rare,1.0,1,4,3,2,1,4.56746831880408,5.149817358229593,4.180522258463153,3.9435216724875173,2405,2,4,122,2,1.208960345836975,1.2412685890696329,2.1400661634962708,88,5000,25,32,9.010547069270189
87,88,1,Rare,1.0,2,4,3,2,1,4.56746831880408,5.149817358229593,4.180522258463153,3.9435216724875173,2403,2,4,110,0,1.1537315878891892,1.2412685890696329,2.0149030205422647,116,5500,23,30,9.13550906135318
88,89,-1,Rare,1.0,1,4,3,2,1,4.56746831880408,5.149817358229593,4.180522258463153,3.9435216724875173,2403,2,4,110,0,1.1537315878891892,1.2412685890696329,2.0149030205422647,116,5500,23,30,9.13550906135318
89,90,1,Rare,1.0,1,2,3,2,1,4.548599834499697,5.107762004826979,4.155753190350744,3.9982007016691985,1889,2,4,97,2,1.1474024528375417,1.1908875647772805,2.2407096892759584,69,5200,31,37,8.612321536507814
90,91,1,Rare,0.0,1,2,3,2,1,4.548599834499697,5.107762004826979,4.155753190350744,3.9982007016691985,2017,2,4,103,0,1.095273387402595,1.244154593958768,3.086486636822455,55,4800,45,50,8.867709208039386
91,92,1,Rare,1.0,1,2,3,2,1,4.548599834499697,5.107762004826979,4.155753190350744,3.9982007016691985,1918,2,4,97,2,1.1474024528375417,1.1908875647772805,2.2407096892759584,69,5200,31,37,8.802221746402456
92,93,1,Rare,1.0,1,4,3,2,1,4.548599834499697,5.107762004826979,4.155753190350744,3.9982007016691985,1938,2,4,97,2,1.1474024528375417,1.1908875647772805,2.2407096892759584,69,5200,31,37,8.831857935197906
93,94,1,Rare,1.0,1,4,4,2,1,4.548599834499697,5.136974216139274,4.155753190350744,3.979681653901961,2024,2,4,97,2,1.1474024528375417,1.1908875647772805,2.2407096892759584,69,5200,31,37,8.90231952852887
94,95,1,Rare,1.0,1,2,3,2,1,4.548599834499697,5.107762004826979,4.155753190350744,3.9982007016691985,1951,2,4,97,2,1.1474024528375417,1.1908875647772805,2.2407096892759584,69,5200,31,37,8.895492631451633
95,96,1,Rare,1.0,1,2,2,2,1,4.548599834499697,5.109575241951159,4.155753190350744,3.975936331171799,2028,2,4,97,2,1.1474024528375417,1.1908875647772805,2.2407096892759584,69,5200,31,37,8.961750799330497
96,97,1,Rare,1.0,1,4,3,2,1,4.548599834499697,5.107762004826979,4.155753190350744,3.9982007016691985,1971,2,4,97,2,1.1474024528375417,1.1908875647772805,2.2407096892759584,69,5200,31,37,8.92252495730139
97,98,1,Rare,1.0,1,4,4,2,1,4.548599834499697,5.136974216139274,4.155753190350744,3.979681653901961,2037,2,4,97,2,1.1474024528375417,1.1908875647772805,2.2407096892759584,69,5200,31,37,8.987071812848821
98,99,2,Rare,1.0,1,2,1,2,1,4.554928969551344,5.090062427727577,4.155753190350744,3.975936331171799,2008,2,4,97,2,1.1474024528375417,1.1908875647772805,2.2407096892759584,69,5200,31,37,9.017847259860732
99,100,0,Rare,1.0,1,4,2,2,1,4.576770711466393,5.155601064346442,4.177459468932607,4.001863709427935,2324,2,4,120,2,1.2029723039923526,1.244154593958768,2.1400661634962708,97,5200,27,34,9.099297073182859
100,101,0,Rare,1.0,1,4,3,2,1,4.576770711466393,5.155601064346442,4.177459468932607,4.001863709427935,2302,2,4,120,2,1.2029723039923526,1.244154593958768,2.1400661634962708,97,5200,27,34,9.164191715950203
101,102,0,Rare,1.0,1,4,3,2,1,4.609162207257629,5.202356975402125,4.197201947661808,4.009149716158869,3095,1,6,181,1,1.2325602611778486,1.184789984909162,2.1972245773362196,152,5200,17,22,9.510370887608827
102,103,0,Rare,1.0,1,4,4,2,1,4.609162207257629,5.218191322068752,4.197201947661808,4.027135812528651,3296,1,6,181,1,1.2325602611778486,1.184789984909162,2.1972245773362196,152,5200,17,22,9.57491403870827
103,104,0,Rare,1.0,1,4,3,2,1,4.609162207257629,5.218191322068752,4.197201947661808,4.009149716158869,3060,1,6,181,1,1.2325602611778486,1.184789984909162,2.1972245773362196,152,5200,19,25,9.510370887608827
104,105,3,Rare,1.0,1,2,2,1,1,4.514150787600923,5.139907629800395,4.21803603456465,3.906004933102583,3071,1,6,181,1,1.2325602611778486,1.184789984909162,2.1972245773362196,160,5200,19,25,9.752606521576492
105,106,3,Rare,1.0,2,2,2,1,1,4.514150787600923,5.139907629800395,4.21803603456465,3.906004933102583,3139,1,6,181,1,1.2325602611778486,1.184789984909162,2.0541237336955462,200,5200,17,23,9.888323152016355
106,107,1,Rare,1.0,1,2,2,1,1,4.597138014290827,5.184588601219693,4.21803603456465,3.906004933102583,3139,1,6,181,1,1.2325602611778486,1.184789984909162,2.1972245773362196,160,5200,19,25,9.820051594294094
107,108,0,Rare,1.0,1,4,3,1,1,4.681204872264089,5.2295030505476765,4.225372824628505,4.037774210733707,3020,1,4,120,1,1.2412685890696329,1.1600209167967532,2.128231705849268,97,5000,19,24,9.38429367909962
108,109,0,Rare,0.0,2,4,3,1,1,4.681204872264089,5.2295030505476765,4.225372824628505,4.037774210733707,3197,1,4,152,0,1.308332819650179,1.2584609896100056,3.044522437723423,95,4150,28,33,9.487972108574462
109,110,0,Rare,1.0,1,4,4,1,1,4.73795129722191,5.292802185859927,4.225372824628505,4.072439726834051,3230,1,4,120,1,1.2412685890696329,1.1600209167967532,2.128231705849268,97,5000,19,24,9.42867236629317
110,111,0,Rare,0.0,2,4,4,1,1,4.73795129722191,5.292802185859927,4.225372824628505,4.072439726834051,3430,1,4,152,0,1.308332819650179,1.2584609896100056,3.044522437723423,95,4150,25,25,9.536762272743895
111,112,0,Rare,1.0,1,4,3,1,1,4.681204872264089,5.2295030505476765,4.225372824628505,4.037774210733707,3075,1,4,120,1,1.2412685890696329,0.7839015438284094,2.128231705849268,95,5000,19,24,9.65374331942474
112,113,0,Rare,0.0,2,4,3,1,1,4.681204872264089,5.2295030505476765,4.225372824628505,4.037774210733707,3252,1,4,152,0,1.308332819650179,1.2584609896100056,3.044522437723423,95,4150,28,33,9.735068900911164
113,114,0,Rare,1.0,1,4,4,1,1,4.73795129722191,5.292802185859927,4.225372824628505,4.037774210733707,3285,1,4,120,1,1.2412685890696329,0.7839015438284094,2.128231705849268,95,5000,19,24,9.722864552377755
114,115,0,Rare,0.0,2,4,4,1,1,4.73795129722191,5.292802185859927,4.225372824628505,4.072439726834051,3485,1,4,152,0,1.308332819650179,1.2584609896100056,3.044522437723423,95,4150,25,25,9.74537068443899
115,116,0,Rare,1.0,1,4,3,1,1,4.681204872264089,5.2295030505476765,4.225372824628505,4.037774210733707,3075,1,4,120,1,1.2412685890696329,1.1600209167967532,2.128231705849268,97,5000,19,24,9.718963572186974
116,117,0,Rare,0.0,2,4,3,1,1,4.681204872264089,5.2295030505476765,4.225372824628505,4.037774210733707,3252,1,4,152,0,1.308332819650179,1.2584609896100056,3.044522437723423,95,4150,28,33,9.795345393916424
117,118,0,Rare,1.0,2,4,3,1,1,4.68213122712422,5.2295030505476765,4.223909766576744,4.02535169073515,3130,1,4,134,1,1.2837077723447896,1.1662709371419244,1.9459101490553132,142,5600,18,24,9.806425839692997
118,119,1,Rare,1.0,1,2,2,2,1,4.540098189244376,5.058154810064233,4.155753190350744,3.927896354584436,1918,2,4,90,2,1.0885619528146082,1.172482137234565,2.2407096892759584,68,5500,37,41,8.625509334899697
119,120,1,Rare,1.0,2,2,2,2,1,4.540098189244376,5.058154810064233,4.155753190350744,3.927896354584436,2128,2,4,98,0,1.1085626195212777,1.220829921392359,2.028148247292285,102,5500,24,30,8.981807323377534
120,121,1,Rare,1.0,1,4,2,2,1,4.540098189244376,5.058154810064233,4.155753190350744,3.92395157629342,1967,2,4,90,2,1.0885619528146082,1.172482137234565,2.2407096892759584,68,5500,31,38,8.736971085254146
121,122,1,Rare,1.0,1,4,3,2,1,4.540098189244376,5.119788607992779,4.155753190350744,3.927896354584436,1989,2,4,90,2,1.0885619528146082,1.172482137234565,2.2407096892759584,68,5500,31,38,8.808668062106715
122,123,1,Rare,1.0,1,4,3,2,1,4.540098189244376,5.119788607992779,4.155753190350744,3.927896354584436,2191,2,4,98,2,1.0885619528146082,1.172482137234565,2.2407096892759584,68,5500,31,38,8.937087036176523
123,124,-1,Rare,1.0,1,4,4,2,1,4.637637376125593,5.162497643405501,4.168214410788556,4.091005660956586,2535,2,4,122,2,1.208960345836975,1.2412685890696329,2.1400661634962708,88,5000,24,30,9.096163326913784
124,125,3,Rare,1.0,2,2,2,1,1,4.563305981889393,5.154446996128335,4.194189897191817,3.9160150266976834,2818,2,4,156,0,1.2781522025001875,1.3506671834767394,1.9459101490553132,145,5000,19,24,9.454383987398135
125,126,3,Rare,1.0,1,2,2,1,1,4.548599834499697,5.129306823813755,4.223909766576744,3.9160150266976834,2778,2,4,151,1,1.3711807233098425,1.1346227261911428,2.2512917986064953,143,5500,19,27,9.999615579630348
126,127,3,Rare,1.0,1,2,1,1,2,4.4942386252808095,5.129306823813755,4.174387269895637,3.9435216724875173,2756,1,6,194,1,1.3190856114264407,1.0647107369924282,2.2512917986064953,207,5900,17,25,10.389856535868129
127,128,3,Rare,1.0,1,2,1,1,2,4.4942386252808095,5.129306823813755,4.174387269895637,3.9435216724875173,2756,1,6,194,1,1.3190856114264407,1.0647107369924282,2.2512917986064953,207,5900,17,25,10.434938994095775
128,129,3,Rare,1.0,1,2,1,1,2,4.4942386252808095,5.129306823813755,4.174387269895637,3.9435216724875173,2800,1,6,194,1,1.3190856114264407,1.0647107369924282,2.2512917986064953,207,5900,17,25,10.519429662187102
129,130,1,Rare,1.0,1,2,2,1,1,4.589040804058207,5.168777995193051,4.280824129164719,3.9219733362813143,3366,1,1,203,1,1.3711807233098425,1.1346227261911428,2.302585092994046,288,5750,17,28,10.354579095336446
130,131,0,Rare,1.0,1,4,4,2,1,4.565389315976247,5.201255653704905,4.197201947661808,4.01096295328305,2579,2,4,132,1,1.2412685890696329,1.3609765531356006,2.163323025660538,90,5100,23,31,9.137231900155545
131,132,2,Rare,1.0,1,2,2,2,1,4.565389315976247,5.175019150203543,4.198704577546343,3.9219733362813143,2460,2,4,132,1,1.2412685890696329,1.3609765531356006,2.163323025660538,90,5100,23,31,9.199784858036667
132,133,3,Rare,1.0,1,2,2,2,1,4.596129441335942,5.228967288413243,4.197201947661808,4.027135812528651,2658,2,4,121,1,1.264126727145683,1.1216775615991057,2.231089091288976,110,5250,21,28,9.380083146563278
133,134,2,Rare,1.0,1,4,3,2,1,4.596129441335942,5.228967288413243,4.197201947661808,4.027135812528651,2695,2,4,121,1,1.264126727145683,1.1216775615991057,2.2300144001592104,110,5250,21,28,9.406729185981574
134,135,3,Rare,1.0,1,2,2,2,1,4.596129441335942,5.228967288413243,4.197201947661808,4.027135812528651,2707,2,4,121,1,0.9321640810304452,0.7275486072772777,2.2300144001592104,110,5250,21,28,9.618468597503831
135,136,2,Rare,1.0,1,4,3,2,1,4.596129441335942,5.228967288413243,4.197201947661808,4.027135812528651,2758,2,4,121,1,1.264126727145683,1.1216775615991057,2.2300144001592104,110,5250,21,28,9.649240256170584
136,137,3,Rare,1.0,2,2,2,2,1,4.596129441335942,5.228967288413243,4.197201947661808,4.027135812528651,2808,1,4,121,1,1.264126727145683,1.1216775615991057,2.1972245773362196,160,5500,19,26,9.806425839692997
137,138,2,Rare,1.0,2,4,3,2,1,4.596129441335942,5.228967288413243,4.197201947661808,4.027135812528651,2847,1,4,121,1,1.264126727145683,1.1216775615991057,2.1972245773362196,160,5500,19,26,9.831991550831058
138,139,2,Rare,1.0,1,2,2,2,1,4.540098189244376,5.055608659738987,4.14946386144318,3.983413001514819,2050,1,4,97,2,1.2864740258376797,0.8586616190375187,2.1972245773362196,69,4900,31,36,8.540519016719735
139,140,2,Rare,1.0,1,2,2,2,1,4.540098189244376,5.061961921261596,4.152613470346076,3.983413001514819,2120,1,4,108,2,1.2864740258376797,0.9707789171582248,2.163323025660538,73,4400,26,31,8.86120833720818
140,141,2,Rare,1.0,1,2,2,3,1,4.535820107853298,5.058154810064233,4.155753190350744,4.019980146933238,2240,1,4,108,2,1.2864740258376797,0.9707789171582248,2.163323025660538,73,4400,26,31,8.936298185228436
141,142,0,Rare,1.0,1,4,3,2,1,4.576770711466393,5.147494476813453,4.180522258463153,3.960813169597578,2145,1,4,108,2,1.2864740258376797,0.9707789171582248,2.2512917986064953,82,4800,32,37,8.871505346165781
142,143,0,Rare,1.0,1,4,3,2,1,4.576770711466393,5.147494476813453,4.180522258463153,3.960813169597578,2190,1,4,108,2,1.2864740258376797,0.9707789171582248,2.2512917986064953,82,4400,28,33,8.958668737047434
143,144,0,Rare,1.0,1,4,3,2,1,4.576770711466393,5.147494476813453,4.180522258463153,3.960813169597578,2340,1,4,108,1,1.2864740258376797,0.9707789171582248,2.1972245773362196,94,5200,26,32,9.206332350578643
144,145,0,Rare,1.0,1,4,3,3,1,4.574710978503383,5.147494476813453,4.180522258463153,3.9945242269398897,2385,1,4,108,2,1.2864740258376797,0.9707789171582248,2.1972245773362196,82,4800,24,25,9.130539301772627
145,146,0,Rare,1.0,2,4,3,3,1,4.574710978503383,5.147494476813453,4.180522258463153,3.9945242269398897,2510,1,4,108,1,1.2864740258376797,0.9707789171582248,2.0412203288596382,111,4800,24,29,9.32892308780313
146,147,0,Rare,1.0,1,4,4,2,1,4.574710978503383,5.156177599386914,4.180522258463153,3.970291913552122,2290,1,4,108,2,1.2864740258376797,0.9707789171582248,2.1972245773362196,82,4800,28,32,8.917712757131387
147,148,0,Rare,1.0,1,4,4,2,1,4.574710978503383,5.156177599386914,4.180522258463153,3.970291913552122,2455,1,4,108,1,1.2864740258376797,0.9707789171582248,2.1972245773362196,94,5200,25,31,9.2299469016151
148,149,0,Rare,1.0,1,4,4,3,1,4.5736795188967205,5.15675380222625,4.180522258463153,4.005513348515485,2420,1,4,108,2,1.2864740258376797,0.9707789171582248,2.1972245773362196,82,4800,23,29,8.98882050177807
149,150,0,Rare,1.0,2,4,4,3,1,4.5736795188967205,5.15675380222625,4.180522258463153,4.005513348515485,2650,1,4,108,1,1.2864740258376797,0.9707789171582248,2.0412203288596382,111,4800,23,23,9.366831168735615
150,151,1,Rare,1.0,1,2,2,2,1,4.5612182984589085,5.0670156275323635,4.152613470346076,3.9982007016691985,1985,2,4,92,2,1.1151415906193203,1.1085626195212777,2.1972245773362196,62,4800,35,39,8.584477938221834
151,152,1,Rare,1.0,1,2,2,2,1,4.5612182984589085,5.0670156275323635,4.152613470346076,3.9982007016691985,2040,2,4,92,2,1.1151415906193203,1.1085626195212777,2.1972245773362196,62,4800,31,38,8.754318540250866
152,153,1,Rare,1.0,1,4,2,2,1,4.5612182984589085,5.0670156275323635,4.152613470346076,3.9982007016691985,2015,2,4,92,2,1.1151415906193203,1.1085626195212777,2.1972245773362196,62,4800,31,38,8.77770959579525
153,154,0,Rare,1.0,1,4,4,2,1,4.5612182984589085,5.134032172240181,4.152613470346076,4.079230924412053,2280,2,4,92,2,1.1151415906193203,1.1085626195212777,2.1972245773362196,62,4800,31,37,8.841881989497114
154,155,0,Rare,1.0,1,4,4,3,1,4.5612182984589085,5.134032172240181,4.152613470346076,4.079230924412053,2290,2,4,92,2,1.1151415906193203,1.1085626195212777,2.1972245773362196,62,4800,27,32,8.974364841846596
155,156,0,Rare,1.0,1,4,4,3,1,4.5612182984589085,5.134032172240181,4.152613470346076,4.079230924412053,3110,2,4,92,2,1.1151415906193203,1.1085626195212777,2.1972245773362196,62,4800,27,32,9.080003870248179
156,157,0,Rare,1.0,1,4,3,2,1,4.5612182984589085,5.113793386198882,4.165113633110308,3.970291913552122,2081,2,4,98,2,1.1600209167967532,1.1085626195212777,2.1972245773362196,70,4800,30,37,8.844768827529695
157,158,0,Rare,1.0,1,4,2,2,1,4.5612182984589085,5.113793386198882,4.165113633110308,3.966511190712216,2109,2,4,98,2,1.1600209167967532,1.1085626195212777,2.1972245773362196,70,4800,30,37,8.881558488638976
158,159,0,Rare,0.0,1,4,3,2,1,4.5612182984589085,5.113793386198882,4.165113633110308,3.970291913552122,2275,2,4,110,0,1.184789984909162,1.208960345836975,3.1135153092103742,56,4500,34,36,8.974364841846596
159,160,0,Rare,0.0,1,4,2,2,1,4.5612182984589085,5.113793386198882,4.165113633110308,3.966511190712216,2275,2,4,110,0,1.184789984909162,1.208960345836975,3.1135153092103742,56,4500,38,47,8.960339366492091
160,161,0,Rare,1.0,1,4,3,2,1,4.5612182984589085,5.113793386198882,4.165113633110308,3.970291913552122,2094,2,4,98,2,1.1600209167967532,1.1085626195212777,2.1972245773362196,70,4800,38,47,8.953898535260459
161,162,0,Rare,1.0,1,4,2,2,1,4.5612182984589085,5.113793386198882,4.165113633110308,3.966511190712216,2122,2,4,98,2,1.1600209167967532,1.1085626195212777,2.1972245773362196,70,4800,28,34,9.03097444300786
162,163,0,Rare,1.0,1,4,3,2,1,4.5612182984589085,5.113793386198882,4.165113633110308,3.966511190712216,2140,2,4,98,2,1.1600209167967532,1.1085626195212777,2.1972245773362196,70,4800,28,34,9.133243321591216
163,164,1,Rare,1.0,1,2,3,1,1,4.548599834499697,5.128121989551922,4.1588830833596715,3.9627161197436642,2169,2,4,98,2,1.1600209167967532,1.1085626195212777,2.1972245773362196,70,4800,29,34,8.994420665751292
164,165,1,Rare,1.0,1,2,2,1,1,4.548599834499697,5.128121989551922,4.1588830833596715,3.9627161197436642,2204,2,4,98,2,1.1600209167967532,1.1085626195212777,2.1972245773362196,70,4800,29,34,9.016512874996026
165,166,1,Rare,1.0,1,2,3,1,1,4.548599834499697,5.128121989551922,4.1588830833596715,3.9627161197436642,2265,1,4,98,1,1.1755733298042381,1.1249295969854831,2.2407096892759584,112,6600,26,29,9.13755460225053
166,167,1,Rare,1.0,1,2,2,1,1,4.548599834499697,5.128121989551922,4.1588830833596715,3.9627161197436642,2300,1,4,98,1,1.1755733298042381,1.1249295969854831,2.2407096892759584,112,6600,26,29,9.16303909885817
167,168,2,Rare,1.0,1,2,1,1,1,4.589040804058207,5.171619713502079,4.183575695950044,3.9512437185814275,2540,2,4,146,1,1.2864740258376797,1.252762968495368,2.2300144001592104,116,4800,24,30,9.041803370152845
168,169,2,Rare,1.0,1,2,1,1,1,4.589040804058207,5.171619713502079,4.183575695950044,3.9512437185814275,2536,2,4,146,1,1.2864740258376797,1.252762968495368,2.2300144001592104,116,4800,24,30,9.173572647783969
169,170,2,Rare,1.0,1,2,2,1,1,4.589040804058207,5.171619713502079,4.183575695950044,3.9512437185814275,2551,2,4,146,1,1.2864740258376797,1.252762968495368,2.2300144001592104,116,4800,24,30,9.20923976653215
170,171,2,Rare,1.0,1,2,1,1,1,4.589040804058207,5.171619713502079,4.183575695950044,3.9512437185814275,2679,2,4,146,1,1.2864740258376797,1.252762968495368,2.2300144001592104,116,4800,24,30,9.323579767582693
171,172,2,Rare,1.0,1,2,2,1,1,4.589040804058207,5.171619713502079,4.183575695950044,3.9512437185814275,2714,2,4,146,1,1.2864740258376797,1.252762968495368,2.2300144001592104,116,4800,24,30,9.354354132115088
172,173,2,Rare,1.0,1,2,1,1,1,4.589040804058207,5.171619713502079,4.183575695950044,3.970291913552122,2975,2,4,146,1,1.2864740258376797,1.252762968495368,2.2300144001592104,116,4800,24,30,9.77956697061665
173,174,-1,Rare,1.0,1,4,3,2,1,4.628886712605407,5.168208681201016,4.197201947661808,4.005513348515485,2326,2,4,122,1,1.1969481893889715,1.264126727145683,2.163323025660538,92,4200,29,34,9.09918532261002
174,175,-1,Rare,0.0,2,4,3,2,1,4.628886712605407,5.168208681201016,4.197201947661808,4.005513348515485,2480,2,4,110,0,1.184789984909162,1.208960345836975,3.1135153092103742,73,4500,30,33,9.277812087091196
175,176,-1,Rare,1.0,1,4,2,2,1,4.628886712605407,5.168208681201016,4.197201947661808,3.9871304779149512,2414,2,4,122,1,1.1969481893889715,1.264126727145683,2.163323025660538,92,4200,27,32,9.209139651399664
176,177,-1,Rare,1.0,1,4,3,2,1,4.628886712605407,5.168208681201016,4.197201947661808,4.005513348515485,2414,2,4,122,1,1.1969481893889715,1.264126727145683,2.163323025660538,92,4200,27,32,9.296334565143043
177,178,-1,Rare,1.0,1,4,2,2,1,4.628886712605407,5.168208681201016,4.197201947661808,3.9871304779149512,2458,2,4,122,1,1.1969481893889715,1.264126727145683,2.163323025660538,92,4200,27,32,9.327945614050446
178,179,3,Rare,1.0,1,2,2,1,1,4.633757642840004,5.212214667494625,4.215086179918229,3.9512437185814275,2976,1,6,171,1,1.184789984909162,1.208960345836975,2.2300144001592104,161,5200,20,24,9.71462464769875
179,180,3,Rare,1.0,1,2,2,1,1,4.633757642840004,5.212214667494625,4.215086179918229,3.9512437185814275,3016,1,6,171,1,1.184789984909162,1.208960345836975,2.2300144001592104,161,5200,19,24,9.680218993408767
180,181,-1,Rare,1.0,1,4,3,1,1,4.6491870714048655,5.235377566774162,4.197201947661808,3.9908341858524357,3131,1,6,171,1,1.184789984909162,1.208960345836975,2.2192034840549946,156,5200,20,24,9.660778845727078
181,182,-1,Rare,1.0,1,4,4,1,1,4.6491870714048655,5.235377566774162,4.197201947661808,3.9908341858524357,3151,1,6,161,1,1.184789984909162,1.208960345836975,2.2192034840549946,156,5200,19,24,9.66459564425378
182,183,2,Rare,0.0,1,2,3,2,1,4.577798989191959,5.14574876790343,4.182050142641207,4.019980146933238,2261,2,4,97,0,1.1019400787607843,1.2237754316221157,3.1354942159291497,52,4800,37,46,8.958668737047434
183,184,2,Rare,1.0,1,2,3,2,1,4.577798989191959,5.14574876790343,4.182050142641207,4.019980146933238,2209,2,4,109,1,1.1600209167967532,1.2237754316221157,2.1972245773362196,85,5250,27,34,8.984066927653044
184,185,2,Rare,0.0,1,4,3,2,1,4.577798989191959,5.14574876790343,4.182050142641207,4.019980146933238,2264,2,4,97,0,1.1019400787607843,1.2237754316221157,3.1354942159291497,52,4800,37,46,8.986571625268054
185,186,2,Rare,1.0,1,4,3,2,1,4.577798989191959,5.14574876790343,4.182050142641207,4.019980146933238,2212,2,4,109,1,1.1600209167967532,1.2237754316221157,2.1972245773362196,85,5250,27,34,9.01127949117793
186,187,2,Rare,1.0,1,4,3,2,1,4.577798989191959,5.14574876790343,4.182050142641207,4.019980146933238,2275,2,4,109,1,1.1600209167967532,1.2237754316221157,2.1972245773362196,85,5250,27,34,9.047233034106032
187,188,2,Rare,0.0,2,4,3,2,1,4.577798989191959,5.14574876790343,4.182050142641207,4.019980146933238,2319,2,4,97,0,1.1019400787607843,1.2237754316221157,3.1354942159291497,68,4500,37,42,9.158520623246385
188,189,2,Rare,1.0,1,4,3,2,1,4.577798989191959,5.14574876790343,4.182050142641207,4.019980146933238,2300,2,4,109,1,1.1600209167967532,1.2237754316221157,2.302585092994046,100,5500,26,32,9.209840246934501
189,190,3,Rare,1.0,1,2,1,2,1,4.548599834499697,5.070789216916003,4.162003210695915,4.018183201256536,2254,2,4,109,1,1.1600209167967532,1.2237754316221157,2.1400661634962708,90,5500,24,29,9.358329249689632
190,191,3,Rare,1.0,1,2,2,2,1,4.548599834499697,5.1101789244325175,4.1588830833596715,3.9396381724611196,2221,2,4,109,1,1.1600209167967532,1.2237754316221157,2.1400661634962708,90,5500,24,29,9.20833836930551
191,192,0,Rare,1.0,1,4,3,2,1,4.609162207257629,5.194067345174237,4.203198967134183,4.009149716158869,2661,2,1,136,1,1.1600209167967532,1.2237754316221157,2.1400661634962708,110,5500,19,24,9.49514330367712
192,193,0,Rare,0.0,2,4,3,2,1,4.609162207257629,5.194067345174237,4.203198967134183,4.009149716158869,2579,2,4,97,0,1.1019400787607843,1.2237754316221157,3.1354942159291497,68,4500,33,38,9.535679435605061
193,194,0,Rare,1.0,1,4,4,2,1,4.609162207257629,5.210032451680465,4.203198967134183,4.009149716158869,2563,2,4,109,1,1.1600209167967532,1.2237754316221157,2.1972245773362196,88,5500,25,31,9.416541202560081
194,195,-2,Rare,1.0,1,4,3,1,1,4.647271362006727,5.240688253711401,4.207673247529104,4.028916756899646,2912,2,4,141,1,1.3297240096314962,1.1474024528375417,2.2512917986064953,114,5400,23,28,9.468078568054892
195,196,-1,Rare,1.0,1,4,4,1,1,4.647271362006727,5.240688253711401,4.207673247529104,4.051784947803305,3034,2,4,141,1,1.3297240096314962,1.1474024528375417,2.2512917986064953,114,5400,23,28,9.504128762859725
196,197,-2,Rare,1.0,1,4,3,1,1,4.647271362006727,5.240688253711401,4.207673247529104,4.028916756899646,2935,2,4,141,1,1.3297240096314962,1.1474024528375417,2.2512917986064953,114,5400,24,28,9.679406061493943
197,198,-1,Rare,1.0,1,4,4,1,1,4.647271362006727,5.240688253711401,4.207673247529104,4.051784947803305,3042,2,4,141,1,1.3297240096314962,1.1474024528375417,2.2512917986064953,114,5400,24,28,9.71202433782489
198,199,-2,Rare,1.0,2,4,3,1,1,4.647271362006727,5.240688253711401,4.207673247529104,4.028916756899646,3045,2,4,130,1,1.2864740258376797,1.1474024528375417,2.0149030205422647,162,5100,17,22,9.821192309809298
199,200,-1,Rare,1.0,2,4,4,1,1,4.647271362006727,5.240688253711401,4.207673247529104,4.051784947803305,3157,2,4,130,1,1.2864740258376797,1.1474024528375417,2.0149030205422647,162,5100,17,22,9.849559210510572
200,201,-1,Rare,1.0,1,4,3,1,1,4.692264892839025,5.240688253711401,4.232656178019613,4.0163830207523885,2952,2,4,141,1,1.3297240096314962,1.1474024528375417,2.2512917986064953,114,5400,23,28,9.731809155840653
201,202,-1,Rare,1.0,2,4,3,1,1,4.692264892839025,5.240688253711401,4.231203744939298,4.0163830207523885,3049,2,4,141,1,1.3297240096314962,1.1474024528375417,2.163323025660538,160,5300,19,25,9.854559878912704
202,203,-1,Rare,1.0,1,4,3,1,1,4.692264892839025,5.240688253711401,4.232656178019613,4.0163830207523885,3012,1,6,173,1,1.275362800412609,1.0543120297715298,2.174751721484161,134,5500,18,23,9.975110296209095
203,204,-1,Rare,0.0,2,4,3,1,1,4.692264892839025,5.240688253711401,4.232656178019613,4.0163830207523885,3217,2,6,145,0,1.1019400787607843,1.2237754316221157,3.1354942159291497,106,4800,26,27,10.019936365179374
204,205,-1,Rare,1.0,2,4,3,1,1,4.692264892839025,5.240688253711401,4.232656178019613,4.0163830207523885,3062,2,4,141,1,1.3297240096314962,1.1474024528375417,2.2512917986064953,114,5400,19,25,10.026810768568128
